clave,nombre,programa_clave,trimestre,tipo,creditos,area_nombre,area_descripcion,url
1400027,FUNDAMENTOS TEÓRICOS DEL DISEÑO I,DCG,1,OBL,,Licenciatura,Licenciatura,
1400028,CULTURA Y DISEÑO I,DCG,1,OBL,,Licenciatura,Licenciatura,
1400034,EXPRESIÓN FORMAL I,DCG,1,OBL,,Licenciatura,Licenciatura,
1400042,RAZONAMIENTO  Y LOGICA SIMBOLICA I,DCG,1,OBL,,Licenciatura,Licenciatura,
1400036,GEOMETRÍA DESCRIPTIVA I,DCG,1,OBL,,Licenciatura,Licenciatura,
1404001,LENGUAJE BÁSICO,DCG,1,OBL,,Licenciatura,Licenciatura,
1400029,FUNDAMENTOS TEÓRICOS DEL DISEÑO II,DCG,2,OBL,,Licenciatura,Licenciatura,
1400030,CULTURA Y DISEÑO II,DCG,2,OBL,,Licenciatura,Licenciatura,
1404002,SISTEMAS DE DISEÑO,DCG,2,OBL,,Licenciatura,Licenciatura,
1400039,EXPRESIÓN FORMAL II,DCG,2,OBL,,Licenciatura,Licenciatura,
1400041,GEOMETRÍA DESCRIPTIVA II,DCG,2,OBL,,Licenciatura,Licenciatura,
1400043,RAZONAMIENTO  Y LOGICA SIMBOLICA II,DCG,2,OBL,,Licenciatura,Licenciatura,
1402005,DISEÑO DE MENSAJES GRÁFICOS I (Signos Icónicos),DCG,3,OBL,,Licenciatura,Licenciatura,
1402027,METODOLOGÍA DEL DISEÑO GRÁFICO I (Pensamiento y Metodos del Diseño),DCG,3,OBL,,Licenciatura,Licenciatura,
1420044,HISTORIA DEL DISEÑO GRÁFICO I (Arte y Diseño Gráfico),DCG,3,OBL,,Licenciatura,Licenciatura,
1420045,DISEÑO Y COMUNICACIÓN I (Estética),DCG,3,OBL,,Licenciatura,Licenciatura,
1420046,EXPRESIÓN DE DISEÑO GRÁFICO I (Principios básicos de la letra),DCG,3,OBL,,Licenciatura,Licenciatura,
1402040,TECNOLOGÍA PARA EL DISEÑO GRÁFICO I (Software Básico para Diseño),DCG,3,OBL,,Licenciatura,Licenciatura,
1402006,DISEÑO DE MENSAJES GRÁFICOS II (Signos Tipográficos),DCG,4,OBL,,Licenciatura,Licenciatura,
1402028,METODOLOGÍA DEL DISEÑO GRÁFICO II (Semiótica y Diseño),DCG,4,OBL,,Licenciatura,Licenciatura,
1420050,HISTORIA DEL DISEÑO GRÁFICO II (Historia del Diseño Gráfico),DCG,4,OBL,,Licenciatura,Licenciatura,
1420051,DISEÑO Y COMUNICACIÓN II (Percepción Visual y Cognición),DCG,4,OBL,,Licenciatura,Licenciatura,
1402058,EXPRESIÓN DE DISEÑO GRÁFICO II (Color para Diseñadores),DCG,4,OBL,,Licenciatura,Licenciatura,
1402041,TECNOLOGÍA PARA EL DISEÑO GRÁFICO II (Introducción a las Artes Gráficas),DCG,4,OBL,,Licenciatura,Licenciatura,
1420054,DISEÑO DE MENSAJES GRÁFICOS III (Sistemas de Signos en Soportes de un Plano),DCG,5,OBL,,Licenciatura,Licenciatura,
1402029,METODOLOGÍA DEL DISEÑO GRÁFICO III (Retórica e Interpretación de la Imagen),DCG,5,OBL,,Licenciatura,Licenciatura,
1420056,HISTORIA DEL DISEÑO GRÁFICO III (Diseño Gráfico en México),DCG,5,OBL,,Licenciatura,Licenciatura,
1420057,DISEÑO Y COMUNICACÍON III (Comunicación y Diseño),DCG,5,OBL,,Licenciatura,Licenciatura,
1420058,EXPRESIÓN DEL DISEÑO GRÁFICO III (Dibujo Básico),DCG,5,OBL,,Licenciatura,Licenciatura,
1402042,TECNOLOGÍA PARA EL DISEÑO GRÁFICO III (Introducción a los Medios Audiovisuales),DCG,5,OBL,,Licenciatura,Licenciatura,
1402049,DISEÑO DE MENSAJES GRÁFICOS IV (Sistemas de Signos en Publicaciones),DCG,6,OBL,,Licenciatura,Licenciatura,
1423014,TEORÍA Y METODOLOGÍA APLICADA I (Apoyo a Diseño de Mensajes Gráficos IV),DCG,6,OBL,,Licenciatura,Licenciatura,
1423015,DISEÑO  Y COMUNICACIÓN IV (Mensaje Visual),DCG,6,OBL,,Licenciatura,Licenciatura,
1402014,TECNOLOGÍA PARA EL DISEÑO GRÁFICO IV (Preprensa y DTP),DCG,6,OBL,,Licenciatura,Licenciatura,
1402057,TECNOLOGÍA PARA EL DISEÑO GRÁFICO V (Páginas Web),DCG,6,OBL,,Licenciatura,Licenciatura,
1402059,EXPRESIÓN DEL DISEÑO GRÁFICO IV (Fotografía Básica),DCG,6,OBL,,Licenciatura,Licenciatura,
1402050,DISEÑO DE MENSAJES GRÁFICOS V (Sistemas de Signos de Identidad Gráfica),DCG,7,OBL,,Licenciatura,Licenciatura,
1423019,TEORÍA Y METODOLOGÍA APLICADA II(Apoyo a Diseño de Mensajes Gráficos V),DCG,7,OBL,,Licenciatura,Licenciatura,
1423020,DISEÑO Y COMUNICACIÓN V (Sistema de Signos),DCG,7,OBL,,Licenciatura,Licenciatura,
1402051,DISEÑO DE MENSAJES GRÁFICOS VI (Sistemas de Signos en Envase),DCG,8,OBL,,Licenciatura,Licenciatura,
1423022,TEORÍA Y METDOLOGÍA APLICADA III (Apoyo a Diseño de Mensajes Gráficos VI),DCG,8,OBL,,Licenciatura,Licenciatura,
1423023,DISEÑO Y COMUNICACIÓN VI (Medios de Comunicación),DCG,8,OBL,,Licenciatura,Licenciatura,
1402052,DISEÑO DE MENSAJES GRÁFICOS VII (Sistemas de Signos de Orientación en Espacios),DCG,9,OBL,,Licenciatura,Licenciatura,
1423025,TEORÍA Y METODOLOGÍA APLICADA IV (Apoyo a Diseño de Mensajes Gráficos VII),DCG,9,OBL,,Licenciatura,Licenciatura,
1423026,DISEÑO Y COMUNICACIÓN VII (Cultura de la Imagen),DCG,9,OBL,,Licenciatura,Licenciatura,
1402064,INFOGRAFÍA,DCG,9,OBL,,Licenciatura,Licenciatura,
1402065,TALLER DE INVESTIGACIÓN,DCG,9,OBL,,Licenciatura,Licenciatura,
1402053,DISEÑO DE MENSAJES GRÁFICOS VIII (Sistemas de Signos en Medios Electrónicos),DCG,10,OBL,,Licenciatura,Licenciatura,
1423030,TEORÍA Y METODOLOGÍA APLICADA V (Apoyo a Diseño de Mensajes Gráficos VIII),DCG,10,OBL,,Licenciatura,Licenciatura,
1402054,SISTEMAS INTEGRALES I,DCG,10,OBL,,Licenciatura,Licenciatura,
1402019,GESTIÓN DEL DISEÑO GRÁFICO I (Mercadotecnia),DCG,10,OBL,,Licenciatura,Licenciatura,
1402055,SISTEMAS INTEGRALES II,DCG,11,OBL,,Licenciatura,Licenciatura,
1402020,GESTIÓN DEL DISEÑO GRÁFICO II (Desarrollo Profesional),DCG,11,OBL,,Licenciatura,Licenciatura,
1425016,TEMAS DE OPCIÓN TERMINAL I,DCG,11,OBL,,Licenciatura,Licenciatura,
1402056,SISTEMAS INTEGRALES III,DCG,12,OBL,,Licenciatura,Licenciatura,
1402021,GESTIÓN DE DISEÑO GRÁFICO III (Administración del Diseño),DCG,12,OBL,,Licenciatura,Licenciatura,
1424010,CALIGRAFÍA,DCG,VII- IX,OPT,,Optativas de interés profesional,Área de concentración: Tipografía,
1424037,MANIPULACIÓN DIGITAL,DCG,VII-IX,OPT,,Optativas de interés profesional,Área de concentración: Tipografía,
1402047,TIPOGRAFÍA DIGITAL,DCG,VII-IX,OPT,,Optativas de interés profesional,Área de concentración: Tipografía,
1424049,DISEÑO DE LA MARCA,DCG,VII-IX,OPT,,Optativas de interés profesional,Área de concentración: Tipografía,
1424013,TEMAS SELECTOS DE TIPOGRAFÍA,DCG,VII-IX,OPT,,Optativas de interés profesional,Área de concentración: Tipografía,
1402078,ANIMACIÓN BÁSICA,DCG,VII-IX,OPT,,Optativas de interés profesional,Área de concentración: Medios Audiovisuales,
1402072,FOTOGRAFÍA AVANZADA,DCG,VII-IX,OPT,,Optativas de interés profesional,Área de concentración: Medios Audiovisuales,
1402079,CREACIÓN Y PREPRODUCCIÓN DE UN PROYECTO AUDIOVISUAL,DCG,VIII,OPT,,Optativas de interés profesional,Área de concentración: Medios Audiovisuales,
1402073,FOTOGRAFÍA DE ESTUDIO,DCG,VIII,OPT,,Optativas de interés profesional,Área de concentración: Medios Audiovisuales,
1402061,"PRODUCCIÓN, POSPRODUCCIÓN Y TRANSMISIÓN DE UN PROYECTO AUDIOVISUAL",DCG,IX,OPT,,Optativas de interés profesional,Área de concentración: Medios Audiovisuales,
1402036,TÉCNICAS DE REPRESENTACION,DCG,VII-IX,OPT,,Optativas de interés profesional,Área de concentración: Ilustración,
1424020,FIGURA HUMANA,DCG,VII-IX,OPT,,Optativas de interés profesional,Área de concentración: Ilustración,
1424024,AEROGRAFÍA,DCG,VII-IX,OPT,,Optativas de interés profesional,Área de concentración: Ilustración,
1424022,ILUSTRACÓN EXPRESIVA,DCG,VII-IX,OPT,,Optativas de interés profesional,Área de concentración: Ilustración,
1424019,DIBUJO AVANZADO,DCG,VII-IX,OPT,,Optativas de interés profesional,Área de concentración: Ilustración,
1424032,SERIGRAFÍA,DCG,VII-IX,OPT,,Optativas de interés profesional,Área de concentración: Artes Gráficas,
1403013,DISEÑO DE ENVASE Y EMBALAJE,DCG,VII-IX,OPT,,Optativas de interés profesional,Área de concentración: Artes Gráficas,
1402025,IMPRESIÓN OFFSET Y DIGITAL,DCG,VII-IX,OPT,,Optativas de interés profesional,Área de concentración: Artes Gráficas,
1402074,GESTIÓN DEL COLOR,DCG,VII-IX,OPT,,Optativas de interés profesional,Área de concentración: Artes Gráficas,
1402060,FLEXOGRAFÍA Y ROTOGRABADO,DCG,VII-IX,OPT,,Optativas de interés profesional,Área de concentración: Artes Gráficas,
1432015,DISEÑO DE INTERFAZ,DCG,VII-IX,OPT,,Optativas de interés profesional,Área de concentración: Medios Digitales,
1402063,PROGRAMACIÓN PARA DISEÑADORES,DCG,VII-IX,OPT,,Optativas de interés profesional,Área de concentración: Medios Digitales,
1424035,MULTIMEDIA,DCG,VII-IX,OPT,,Optativas de interés profesional,Área de concentración: Medios Digitales,
1424053,MUSEOGRAFÍA,DCG,VII-IX,OPT,,Optativas de interés profesional,Área de concentración: Diseño Tridimensional,
1424052,PUNTO DE VENTA Y STAND,DCG,VII-IX,OPT,,Optativas de interés profesional,Área de concentración: Diseño Tridimensional,
1424054,ESCENOGRAFÍA,DCG,VII-IX,OPT,,Optativas de interés profesional,Área de concentración: Diseño Tridimensional,
1401034,INTRODUCCIÓN A LA ILUMINACIÓN COMERCIAL,DCG,VII-IX,OPT,,Optativas de interés profesional,Área de concentración: Diseño Tridimensional,
1403015,Ecodiseño,DCG,VII-IX,OPT,,Optativas de Extensión Divisional,Optativas Disciplinares,
1401048,"Construcción de Maquetas con Técnicas Manuales, Convencionales y Digitales",DCG,VII-IX,OPT,,Optativas de Extensión Divisional,Optativas Disciplinares,
1401017,Diseño de la Forma del México Prehispánico,DCG,VII-IX,OPT,,Optativas de Extensión Divisional,Optativas Disciplinares,
1401064,Azoteas Verdes,DCG,VII-IX,OPT,,Optativas de Extensión Divisional,Optativas Disciplinares,
1401056,Desarrollo Sustentable y Diseño,DCG,VII-IX,OPT,,Optativas de Extensión Divisional,Optativas Disciplinares,
1425022,Marketing y Publicidad Digital,DCG,VII-IX,OPT,,Optativas de Extensión Divisional,Optativas Disciplinares,
1435015,Accesibilidad y Habitabilidad del Espacio,DCG,VII-IX,OPT,,Optativas de Extensión Divisional,Optativas Disciplinares,
1435013,Ciclo de Vida en los Materiales,DCG,VII-IX,OPT,,Optativas de Extensión Divisional,Optativas Disciplinares,
1435014,Tendencias en el Diseño y Desarrollo de Accesorios Ornamentales Corporales,DCG,VII-IX,OPT,,Optativas de Extensión Divisional,Optativas Disciplinares,
1404010,Oralidad y Escritura para Diseñadores,DCG,VII-IX,OPT,,Optativas de Extensión Divisional,Optativas de Formación Integral,
1404004,Diálogos con la Música,DCG,VII-IX,OPT,,Optativas de Extensión Divisional,Optativas de Formación Integral,
1402062,Ética,DCG,VII-IX,OPT,,Optativas de Extensión Divisional,Optativas de Formación Integral,
1401018,Historia del Arte,DCG,VII-IX,OPT,,Optativas de Extensión Divisional,Optativas de Formación Integral,
1425023,Fortalezas para el Emprendedor,DCG,VII-IX,OPT,,Optativas de Extensión Divisional,Optativas de Formación Integral,
1435016,Creatividad para Arquitectos y Diseñadores,DCG,VII-IX,OPT,,Optativas de Extensión Divisional,Optativas de Formación Integral,
1425024,Diseño y Estudios de Género,DCG,VII-IX,OPT,,Optativas de Extensión Divisional,Optativas de Formación Integral,
1415035,Diseñar para el Desarrollo Sostenible,DCG,VII-IX,OPT,,Optativas de Extensión Divisional,Optativas de Formación Integral,
1401043,Práctica Profesional I,DCG,X-XII,OPT,,Optativas de Extensión Universitaria,Optativas de Práctica Profesional,
1401044,Práctica Profesional II,DCG,X-XII,OPT,,Optativas de Extensión Universitaria,Optativas de Práctica Profesional,
1402067,Movilidad  I,DCG,VII-IX,OPT,,Optativas de Extensión Universitaria,Optativas de Movilidad,
1402068,Movilidad  II,DCG,VII-IX,OPT,,Optativas de Extensión Universitaria,Optativas de Movilidad,
1402069,Movilidad  III,DCG,VII-IX,OPT,,Optativas de Extensión Universitaria,Optativas de Movilidad,
1402070,Movilidad  IV,DCG,VII-IX,OPT,,Optativas de Extensión Universitaria,Optativas de Movilidad,
1402071,Movilidad  V,DCG,VII-IX,OPT,,Optativas de Extensión Universitaria,Optativas de Movilidad,
1400027,FUNDAMENTOS TEÓRICOS DEL DISEÑO I,ARQ,1,OBL,,Licenciatura,Licenciatura,
1400028,CULTURA Y DISEÑO I,ARQ,1,OBL,,Licenciatura,Licenciatura,
1400034,EXPRESIÓN FORMAL I,ARQ,1,OBL,,Licenciatura,Licenciatura,
1400042,RAZONAMIENTO  Y LOGICA SIMBOLICA I,ARQ,1,OBL,,Licenciatura,Licenciatura,
1400036,GEOMETRÍA DESCRIPTIVA I,ARQ,1,OBL,,Licenciatura,Licenciatura,
1404001,LENGUAJE BÁSICO,ARQ,1,OBL,,Licenciatura,Licenciatura,
1400029,FUNDAMENTOS TEÓRICOS DEL DISEÑO II,ARQ,2,OBL,,Licenciatura,Licenciatura,
1400030,CULTURA Y DISEÑO II,ARQ,2,OBL,,Licenciatura,Licenciatura,
1400039,EXPRESIÓN FORMAL II,ARQ,2,OBL,,Licenciatura,Licenciatura,
1400033,METODOS MATEMÁTICOS,ARQ,2,OBL,,Licenciatura,Licenciatura,
1400041,GEOMETRÍA DESCRIPTIVA II,ARQ,2,OBL,,Licenciatura,Licenciatura,
1404002,SISTEMAS DE DISEÑO,ARQ,2,OBL,,Licenciatura,Licenciatura,
1414010,TEORÍA E HISTORIA DE LA ARQUITECTURA I,ARQ,3,OBL,,Licenciatura,Licenciatura,
1414011,ANÁLISIS Y MÉTODOS I,ARQ,3,OBL,,Licenciatura,Licenciatura,
1414050,DISEÑO ARQUITECTÓNICO I,ARQ,3,OBL,,Licenciatura,Licenciatura,
1401071,SISTEMAS CONSTRUCTIVOS Y ESTRUCTURALES I,ARQ,3,OBL,,Licenciatura,Licenciatura,
1401013,CLIMATOLOGIA Y GEOMETRIA SOLAR,ARQ,3,OBL,,Licenciatura,Licenciatura,
1414014,TALLER DE EXPRESIÓN ARQUITECTÓNICA I,ARQ,3,OBL,,Licenciatura,Licenciatura,
1414024,MATEMÁTICAS Y FÍSICA APLICADA I,ARQ,3,OBL,,Licenciatura,Licenciatura,
1414015,TEORÍA E HISTORIA DE LA ARQUITECTURA II,ARQ,4,OBL,,Licenciatura,Licenciatura,
1414016,ANÁLISIS Y MÉTODOS II,ARQ,4,OBL,,Licenciatura,Licenciatura,
1414051,DISEÑO ARQUITECTÓNICO II,ARQ,4,OBL,,Licenciatura,Licenciatura,
1401072,SISTEMAS CONSTRUCTIVOS Y ESTRUCTURALES II,ARQ,4,OBL,,Licenciatura,Licenciatura,
1401015,CONFORT HIGROTERMICO,ARQ,4,OBL,,Licenciatura,Licenciatura,
1414019,TALLER DE EXPRESIÓN ARQUITECTÓNICO II,ARQ,4,OBL,,Licenciatura,Licenciatura,
1414030,MATEMÁTICAS Y FÍSICA APLICADA II,ARQ,4,OBL,,Licenciatura,Licenciatura,
1414020,TEORÍA E HISTORIA DE LA ARQUITECTURA III,ARQ,5,OBL,,Licenciatura,Licenciatura,
1414021,ANÁLISIS Y MÉTODOS III,ARQ,5,OBL,,Licenciatura,Licenciatura,
1414052,DISEÑO ARQUITECTÓNICO III,ARQ,5,OBL,,Licenciatura,Licenciatura,
1401073,SISTEMAS CONSTRUCTIVOS Y ESTRUCTURALES III,ARQ,5,OBL,,Licenciatura,Licenciatura,
1401016,CONFORT LUMINICO Y ACUSTICO,ARQ,5,OBL,,Licenciatura,Licenciatura,
1401075,TALLER DE EXPRESIÓN ARQUITECTÓNICO III,ARQ,5,OBL,,Licenciatura,Licenciatura,
1414036,ANALISIS ESTRUCTURAL ELEMENTOS CONTINUOS,ARQ,5,OBL,,Licenciatura,Licenciatura,
1414026,TEORÍA E HISTORIA DE LA ARQUITECTURA IV,ARQ,6,OBL,,Licenciatura,Licenciatura,
1414027,ANÁLISIS Y MÉTODOS IV,ARQ,6,OBL,,Licenciatura,Licenciatura,
1414053,DISEÑO ARQUITECTÓNICO IV,ARQ,6,OBL,,Licenciatura,Licenciatura,
1401074,SISTEMAS CONSTRUCTIVOS Y ESTRUCTURALES IV,ARQ,6,OBL,,Licenciatura,Licenciatura,
1414035,INSTALACIONES EN LOS EDIFICIOS I,ARQ,6,OBL,,Licenciatura,Licenciatura,
1414041,DISEÑO ESTRUCTURAL,ARQ,6,OBL,,Licenciatura,Licenciatura,
1401076,TALLER DE EXPRESIÓN ARQUITECTÓNICO IV,ARQ,6,OBL,,Licenciatura,Licenciatura,
1414032,TEORÍA E HISTORIA DE LA ARQUITECTURA V,ARQ,7,OBL,,Licenciatura,Licenciatura,
1414033,TALLER DE ARQUITECTURA I-A,ARQ,7,OBL,,Licenciatura,Licenciatura,
1414034,CONSTRUCCION I,ARQ,7,OBL,,Licenciatura,Licenciatura,
1414040,INSTALACIONES EN LOS EDIFICIOS II,ARQ,7,OBL,,Licenciatura,Licenciatura,
1401036,TECNICAS DE MODELADO Y MATERIALIZACION DIGITAL,ARQ,7,OBL,,Licenciatura,Licenciatura,
1414037,TEORÍA E HISTORIA DE LA ARQUITECTURA VI,ARQ,8,OBL,,Licenciatura,Licenciatura,
1414038,TALLER DE ARQUITECTURA I-B,ARQ,8,OBL,,Licenciatura,Licenciatura,
1414039,CONSTRUCCION II,ARQ,8,OBL,,Licenciatura,Licenciatura,
1401031,SISTEMAS DE CLIMATIZACION AUTOMATIZACION Y CONTROL,ARQ,8,OBL,,Licenciatura,Licenciatura,
1414042,TALLER DE ARQUITECTURA II-A,ARQ,9,OBL,,Licenciatura,Licenciatura,
1401004,CONSTRUCCION III,ARQ,9,OBL,,Licenciatura,Licenciatura,
1414043,ADMINISTRACIÓN DE OBRAS Y PROYECTOS I,ARQ,10,OBL,,Licenciatura,Licenciatura,
1415037,SEMINARIO DE PROYECTO TERMINAL,ARQ,10,OBL,,Licenciatura,Licenciatura,
1414045,TALLER DE ARQUITECTURA II-B,ARQ,10,OBL,,Licenciatura,Licenciatura,
1414047,TALLER DE PROYECTO TERMINAL I,ARQ,11,OBL,,Licenciatura,Licenciatura,
1401014,CONDICIONES ESTRUCTURALES Y ESTRATEGIAS CONSTRUCTIVAS,ARQ,11,OBL,,Licenciatura,Licenciatura,
1414046,ADMINISTRACIÓN DE OBRAS Y PROYECTOS II,ARQ,11,OBL,,Licenciatura,Licenciatura,
1401023,EVALUACION FINANCIERA DE PROYECTOS,ARQ,12,OBL,,Licenciatura,Licenciatura,
1414048,TALLER DE PROYECTO TERMINAL II,ARQ,12,OBL,,Licenciatura,Licenciatura,
1401022,ESTRATEGIAS PARA INSTALACIONES Y CRITERIOS,ARQ,12,OBL,,Licenciatura,Licenciatura,
1401006,Arquitectura Contemporánea en América Latina,ARQ,VII-XII,OPT,,Optativas de interés profesional,Área de concentración: Teoría e Historia,
1401007,Arquitectura Monástica en México Siglos XVI al XVII,ARQ,VII-XII,OPT,,Optativas de interés profesional,Área de concentración: Teoría e Historia,
1401008,Tendencias de la Arquitectura y Escultura del Siglo XX,ARQ,VII-XII,OPT,,Optativas de interés profesional,Área de concentración: Teoría e Historia,
1401010,Arquitectura Viva en la Ciudad de México,ARQ,VII-XII,OPT,,Optativas de interés profesional,Área de concentración: Teoría e Historia,
1401011,Historia del Pensamiento Arquitectónico del Periodo Clásico al Renacimiento,ARQ,VII-XII,OPT,,Optativas de interés profesional,Área de concentración: Teoría e Historia,
1401012,"Arquitectura del Siglo XVI en Conventos Franciscanos, Dominicanos y Agustinos",ARQ,VII-XII,OPT,,Optativas de interés profesional,Área de concentración: Teoría e Historia,
1401017,Diseño de la Forma del México Prehispánico,ARQ,VII-XII,OPT,,Optativas de interés profesional,Área de concentración: Teoría e Historia,
1401019,Análisis de Fallas Estructurales en Edificios de Concreto,ARQ,VII-XII,OPT,,Optativas de interés profesional,Área de concentración: Tecnología y Administración,
1401020,Aplicación de Sistemas de Unión por Soldadura en Estructuras Metálicas,ARQ,VII-XII,OPT,,Optativas de interés profesional,Área de concentración: Tecnología y Administración,
1401021,Métodos y Técnicas de Gestión para los Proyectos de Arquitectura,ARQ,VII-XII,OPT,,Optativas de interés profesional,Área de concentración: Tecnología y Administración,
1401024,Normatividad para el Proyecto Arquitectónico,ARQ,VII-XII,OPT,,Optativas de interés profesional,Área de concentración: Tecnología y Administración,
1401025,Sistemas Estructurales ,ARQ,VII-XII,OPT,,Optativas de interés profesional,Área de concentración: Tecnología y Administración,
1401026,Temas de Prefabricación,ARQ,VII-XII,OPT,,Optativas de interés profesional,Área de concentración: Tecnología y Administración,
1401027,Taller de Prácticas de Construcción,ARQ,VII-XII,OPT,,Optativas de interés profesional,Área de concentración: Tecnología y Administración,
1401028,Topografía,ARQ,VII-XII,OPT,,Optativas de interés profesional,Área de concentración: Tecnología y Administración,
1401029,Aplicación de Plásticos en Arquitectura,ARQ,VII-XII,OPT,,Optativas de interés profesional,Área de concentración: Tecnología y Administración,
1401030,"Diseño, Desarrollo y Ejecución de Mobiliario Urbano en Materiales Plásticos",ARQ,VII-XII,OPT,,Optativas de interés profesional,Área de concentración: Tecnología y Administración,
1415036,Gestión de Proyectos y Realización Arquitectónica Mediante BIM,ARQ,X-XII,OPT,,Optativas de interés profesional,Área de concentración: Tecnología y Administración,
1401035,Introducción a la Restauración Arquitectónica,ARQ,VII-XII,OPT,,Optativas de interés profesional,Área de concentración: Rehabilitación de Espacios,
1401037,Introducción a la Teoría de la Conservación del Patrimonio Cultural,ARQ,VII-XII,OPT,,Optativas de interés profesional,Área de concentración: Rehabilitación de Espacios,
1401045,Laboratorio de proyectos,ARQ,VII-XII,OPT,,Optativas de interés profesional,Área de concentración: Rehabilitación de Espacios,
1401046,Arquitectura Industrial Histórica en México,ARQ,VII-XII,OPT,,Optativas de interés profesional,Área de concentración: Rehabilitación de Espacios,
1401047,Patologías en la Construcción,ARQ,VII-XII,OPT,,Optativas de interés profesional,Área de concentración: Rehabilitación de Espacios,
1401005,Análisis de Centros Comerciales,ARQ,VII-XII,OPT,,Optativas de interés profesional,Área de concentración: Urbanismo,
1401052,Análisis y Diseño de Espacios Arquitectónicos y Urbanos,ARQ,VII-XII,OPT,,Optativas de interés profesional,Área de concentración: Urbanismo,
1401053,Arquitectura y Ciudad,ARQ,VII-XII,OPT,,Optativas de interés profesional,Área de concentración: Urbanismo,
1401054,Arquitectura y Urbanismo Sustentable en el Nuevo Milenio,ARQ,VII-XII,OPT,,Optativas de interés profesional,Área de concentración: Urbanismo,
1401055,Ciudades Proyectadas,ARQ,VII-XII,OPT,,Optativas de interés profesional,Área de concentración: Urbanismo,
1401057,Elaboración de Planes Maestros de Imagen Urbana y Arquitectónica,ARQ,VII-XII,OPT,,Optativas de interés profesional,Área de concentración: Urbanismo,
1401058,Seminario en Urbanismo Internacional,ARQ,VII-XII,OPT,,Optativas de interés profesional,Área de concentración: Urbanismo,
1401059,Historia del Urbanismo en México ,ARQ,VII-XII,OPT,,Optativas de interés profesional,Área de concentración: Urbanismo,
1401062,Taller de Experimentación en el Espacio Público de la Cd. De Méx.,ARQ,VII-XII,OPT,,Optativas de interés profesional,Área de concentración: Urbanismo,
1401065,Ruido y Ciudad,ARQ,VII-XII,OPT,,Optativas de interés profesional,Área de concentración: Urbanismo,
1401066,Diagnóstico Urbano,ARQ,VII-XII,OPT,,Optativas de interés profesional,Área de concentración: Urbanismo,
1401067,Diseño y Construcción de Vivienda Social,ARQ,VII-XII,OPT,,Optativas de interés profesional,Área de concentración: Urbanismo,
1401032,Acústica y Control de Ruidos en los Edificios,ARQ,VII-XII,OPT,,Optativas de interés profesional,Área de concentración: Diseño Ambiental,
1401033,"Espacio, Sonido y Arquitectura",ARQ,VII-XII,OPT,,Optativas de interés profesional,Área de concentración: Diseño Ambiental,
1401060,Introducción a la Arquitectura del Paisaje,ARQ,VII-XII,OPT,,Optativas de interés profesional,Área de concentración: Diseño Ambiental,
1401061,Introducción al Estudio de los Jardines,ARQ,VII-XII,OPT,,Optativas de interés profesional,Área de concentración: Diseño Ambiental,
1401063,Diseño Sustentable y Eco-tecnologías,ARQ,VII-XII,OPT,,Optativas de interés profesional,Área de concentración: Diseño Ambiental,
1401068,Arquitectura y Vegetación,ARQ,VII-XII,OPT,,Optativas de interés profesional,Área de concentración: Diseño Ambiental,
1424053,Museografía,ARQ,VII-XII,OPT,,Optativas de Extensión Divisional,Optativas Disciplinares,
1424054,Escenografía,ARQ,VII-XII,OPT,,Optativas de Extensión Divisional,Optativas Disciplinares,
1424052,Punto de Venta y Stand,ARQ,VII-XII,OPT,,Optativas de Extensión Divisional,Optativas Disciplinares,
1401034,Introducción a la Iluminación Comercial,ARQ,VII-XII,OPT,,Optativas de Extensión Divisional,Optativas Disciplinares,
1403015,Ecodiseño,ARQ,VII-XII,OPT,,Optativas de Extensión Divisional,Optativas Disciplinares,
1401056,Desarrollo Sustentable y Diseño,ARQ,VII-XII,OPT,,Optativas de Extensión Divisional,Optativas Disciplinares,
1401048,"Construcción de Maquetas con Técnicas Manuales, Convencionales y Digitales",ARQ,VII-XII,OPT,,Optativas de Extensión Divisional,Optativas Disciplinares,
1401064,Azoteas Verdes,ARQ,VII-XII,OPT,,Optativas de Extensión Divisional,Optativas Disciplinares,
1425022,Marketing y Publicidad,ARQ,VII-XII,OPT,,Optativas de Extensión Divisional,Optativas Disciplinares,
1435015,Accesibilidad y Habitabilidad del Espacio,ARQ,VII-XII,OPT,,Optativas de Extensión Divisional,Optativas Disciplinares,
1435013,Ciclo de Vida en los Materiales,ARQ,VII-XII,OPT,,Optativas de Extensión Divisional,Optativas Disciplinares,
1435014,Tendencias en el Diseño y Desarrollo de Accesorios Ornamentales Corporales,ARQ,VII-XII,OPT,,Optativas de Extensión Divisional,Optativas Disciplinares,
1401050,Fotografía Básica para Arquitectura,ARQ,VII-XII,OPT,,Optativas de Extensión Divisional,Optativas Disciplinares,
1401049,Realización de Maquetas Arquitectónicas,ARQ,VII-XII,OPT,,Optativas de Extensión Divisional,Optativas Disciplinares,
1425025,Infografía para Arquitectos y Diseñadores Industriales,ARQ,VII-XII,OPT,,Optativas de Extensión Divisional,Optativas Disciplinares,
1425026,Color para Arquitectos y Diseñadores Industriales,ARQ,VII-XII,OPT,,Optativas de Extensión Divisional,Optativas Disciplinares,
1404010,Oralidad y Escritura para Diseñadores,ARQ,VII-VII,OPT,,Optativas de Extensión Divisional,Optativas de Formación Integral,
1404004,Diálogos con la Música,ARQ,VII-VII,OPT,,Optativas de Extensión Divisional,Optativas de Formación Integral,
1402062,Ética,ARQ,VII-VII,OPT,,Optativas de Extensión Divisional,Optativas de Formación Integral,
1425023,Fortalezas para el Emprendedor,ARQ,VII-VII,OPT,,Optativas de Extensión Divisional,Optativas de Formación Integral,
1435016,Creatividad para Arquitectos y Diseñadores,ARQ,VII-VII,OPT,,Optativas de Extensión Divisional,Optativas de Formación Integral,
1425024,Diseño y Estudios de Género,ARQ,VII-VII,OPT,,Optativas de Extensión Divisional,Optativas de Formación Integral,
1401018,Historia del Arte,ARQ,VII-VII,OPT,,Optativas de Extensión Divisional,Optativas de Formación Integral,
1415035,Diseñar para el Desarrollo Sostenible,ARQ,VII-VII,OPT,,Optativas de Extensión Divisional,Optativas de Formación Integral,
1404006,Escultura,ARQ,VII-XII,OPT,,Optativas de Extensión Divisional,Optativas de Formación Integral,
1401043,Práctica Profesional I,ARQ,X-XII,OPT,,Optativas de Extensión Universitaria,Optativas de Práctica Profesional,
1401044,Práctica Profesional II,ARQ,X-XII,OPT,,Optativas de Extensión Universitaria,Optativas de Práctica Profesional,
1401038,Movilidad  I,ARQ,VII-VII,OPT,,Optativas de Extensión Universitaria,Optativas de Movilidad,
1401039,Movilidad  II,ARQ,VII-VII,OPT,,Optativas de Extensión Universitaria,Optativas de Movilidad,
1401040,Movilidad  III,ARQ,VII-VII,OPT,,Optativas de Extensión Universitaria,Optativas de Movilidad,
1401041,Movilidad  IV,ARQ,VII-VII,OPT,,Optativas de Extensión Universitaria,Optativas de Movilidad,
1401042,Movilidad  V,ARQ,VII-VII,OPT,,Optativas de Extensión Universitaria,Optativas de Movilidad,
1400027,FUNDAMENTOS TEÓRICOS DEL DISEÑO I,DI,1,OBL,,Licenciatura,Licenciatura,
1400028,CULTURA Y DISEÑO I,DI,1,OBL,,Licenciatura,Licenciatura,
1404001,LENGUAJE BÁSICO,DI,1,OBL,,Licenciatura,Licenciatura,
1400034,EXPRESIÓN FORMAL I,DI,1,OBL,,Licenciatura,Licenciatura,
1400036,GEOMETRÍA DESCRIPTIVA I,DI,1,OBL,,Licenciatura,Licenciatura,
1400042,RAZONAMIENTO  Y LOGICA SIMBOLICA I,DI,1,OBL,,Licenciatura,Licenciatura,
1400029,FUNDAMENTOS TEÓRICOS DEL DISEÑO II,DI,2,OBL,,Licenciatura,Licenciatura,
1400030,CULTURA Y DISEÑO II,DI,2,OBL,,Licenciatura,Licenciatura,
1404002,SISTEMAS DE DISEÑO,DI,2,OBL,,Licenciatura,Licenciatura,
1400039,EXPRESIÓN FORMAL II,DI,2,OBL,,Licenciatura,Licenciatura,
1400041,GEOMETRÍA DESCRIPTIVA II,DI,2,OBL,,Licenciatura,Licenciatura,
1400043,RAZONAMIENTO  Y LOGICA SIMBOLICA II,DI,2,OBL,,Licenciatura,Licenciatura,
1430027,INTRODUCCIÓN A LA TEORÍA DEL DIS. INDUS.,DI,3,OBL,,Licenciatura,Licenciatura,
1430039,PROCESOS DE DISEÑO,DI,3,OBL,,Licenciatura,Licenciatura,
1430041,DISEÑO DE PRODUCTOS I,DI,3,OBL,,Licenciatura,Licenciatura,
1403032,INTRODUCCIÓN A LA MANUFACTURA,DI,3,OBL,,Licenciatura,Licenciatura,
1403035,VISUALIZACIÓN CREATIVA I,DI,3,OBL,,Licenciatura,Licenciatura,
1430042,ERGONOMÍA BÁSICA,DI,3,OBL,,Licenciatura,Licenciatura,
1430043,ANÁLISIS DE LA FORMA,DI,4,OBL,,Licenciatura,Licenciatura,
1430044,MÉTODOS Y TÉCNICAS PARA EL DISEÑO I,DI,4,OBL,,Licenciatura,Licenciatura,
1430046,DISEÑO DE PRODUCTOS II,DI,4,OBL,,Licenciatura,Licenciatura,
1403037,MATERIALES FIBROSOS,DI,4,OBL,,Licenciatura,Licenciatura,
1403036,VISUALIZACIÓN CREATIVA II,DI,4,OBL,,Licenciatura,Licenciatura,
1431045,ERGONOMÍA DEL PRODUCTO,DI,4,OBL,,Licenciatura,Licenciatura,
1430048,TEORÍA SOCIAL DEL DISEÑO INDUSTRIAL,DI,5,OBL,,Licenciatura,Licenciatura,
1430049,MÉTODOS Y TÉCNICAS PARA EL DISEÑO II,DI,5,OBL,,Licenciatura,Licenciatura,
1430051,DISEÑO DE PRODUCTOS III,DI,5,OBL,,Licenciatura,Licenciatura,
1403038,MATERIALES METÁLICOS,DI,5,OBL,,Licenciatura,Licenciatura,
1403040,DIBUJO TÉCNICO INDUSTRIAL,DI,5,OBL,,Licenciatura,Licenciatura,
1430047,FÍSICA APLICADA AL DISEÑO,DI,5,OBL,,Licenciatura,Licenciatura,
1431013,DISEÑO SUSTENTABLE,DI,6,OBL,,Licenciatura,Licenciatura,
1431014,HISTORIA DEL DISEÑO INDUSTRIAL I,DI,6,OBL,,Licenciatura,Licenciatura,
1403016,ESTRUCTURACIÓN DE PROYECTO I,DI,6,OBL,,Licenciatura,Licenciatura,
1431016,DISEÑO DE PRODUCTOS IV,DI,6,OBL,,Licenciatura,Licenciatura,
1403039,MATERIALES PLÁSTICOS,DI,6,OBL,,Licenciatura,Licenciatura,
1403033,PLANIMETRIA DIGITAL Y MODELADO 3D,DI,6,OBL,,Licenciatura,Licenciatura,
1403034,ANÁLISIS Y DISEÑO DE ESTRUCTURAS,DI,6,OBL,,Licenciatura,Licenciatura,
1431020,TENDENCIAS CONTEMPORÁNEAS DE DIS. IND.,DI,7,OBL,,Licenciatura,Licenciatura,
1403017,ESTRUCTURACION DEL PROYECTO II,DI,7,OBL,,Licenciatura,Licenciatura,
1431023,DESARROLLO DE PRODUCTOS I,DI,7,OBL,,Licenciatura,Licenciatura,
1403041,TIERRAS Y MATERIALES PETREOS,DI,7,OBL,,Licenciatura,Licenciatura,
1403028,PRESENTACÍON DE PROYECTOS I,DI,7,OBL,,Licenciatura,Licenciatura,
1431019,BIÓNICA,DI,7,OBL,,Licenciatura,Licenciatura,
1431027,PROSPECTIVA DEL DISEÑO INDUSTRIAL,DI,8,OBL,,Licenciatura,Licenciatura,
1431021,HISTORIA DEL DISEÑO INDUSTRIAL II,DI,8,OBL,,Licenciatura,Licenciatura,
1403018,ESTRUCTURACIÓN DE PROYECTOS III,DI,8,OBL,,Licenciatura,Licenciatura,
1431030,DESARROLLO DE PRODUCTOS II,DI,8,OBL,,Licenciatura,Licenciatura,
1403004,COSTOS EN EL DISEÑO INDUSTRIAL,DI,8,OBL,,Licenciatura,Licenciatura,
1431028,SEMIÓTICA,DI,9,OBL,,Licenciatura,Licenciatura,
1431037,DESARROLLO DE PRODUCTOS III,DI,9,OBL,,Licenciatura,Licenciatura,
1431029,DISEÑO PARA LA PRODUCCIÓN,DI,9,OBL,,Licenciatura,Licenciatura,
1431043,MERCADOTECNÍA,DI,9,OBL,,Licenciatura,Licenciatura,
1403009,DESARROLLO INTEGRAL DE PRODUCTOS I,DI,10,OBL,,Licenciatura,Licenciatura,
1433015,TEMAS DE OPCIÓN TERMINAL I (NVAS TECNOLOGIAS),DI,10,OBL,,Licenciatura,Licenciatura,
1433014,ADMINISTRACION Y PLANEACIÓN DE PROYECTO,DI,10,OBL,,Licenciatura,Licenciatura,
1403042,DESARROLLO INTEGRAL DE PRODUCTOS II,DI,11,OBL,,Licenciatura,Licenciatura,
1435019,EJERCICIO PROFESIONAL DEL DISEÑO INDUSTRIAL,DI,11,OBL,,Licenciatura,Licenciatura,
1403044,TEMAS DE OPCIÓN TERMINAL II (NVAS TECNOLOGIAS),DI,11,OBL,,Licenciatura,Licenciatura,
1403043,DESARROLLO INTEGRAL DE PRODUCTOS III,DI,12,OBL,,Licenciatura,Licenciatura,
1403045,TEMAS DE OPCIÓN TERMINAL III (GESTIÓN),DI,12,OBL,,Licenciatura,Licenciatura,
1403047,PROMOCIÓN PROFESIONAL DEL DISEÑO INDUSTRIAL,DI,12,OBL,,Licenciatura,Licenciatura,
1431042,Evaluación de Productos,DI,VII-X,OPT,,Optativas de interés profesional,Área de concentración: DI,
1432013,Estadística para Diseñadores,DI,VII-X,OPT,,Optativas de interés profesional,Área de concentración: DI,
1403015,Ecodiseño,DI,VII-X,OPT,,Optativas de interés profesional,Área de concentración: DI,
1431044,Aspectos Legales y normatividad,DI,VII-X,OPT,,Optativas de interés profesional,Área de concentración: DI,
1431046,Calidad,DI,VII-X,OPT,,Optativas de interés profesional,Área de concentración: DI,
1431048,Normalización y Estandarización,DI,VII-X,OPT,,Optativas de interés profesional,Área de concentración: DI,
1403014,Diseño e Innovación,DI,VII-X,OPT,,Optativas de interés profesional,Área de concentración: DI,
1431047,Planeación de la Producción,DI,VII-X,OPT,,Optativas de interés profesional,Área de concentración: DI,
1403005,Creatividad para el Diseño,DI,VII-X,OPT,,Optativas de interés profesional,Área de concentración: DI,
1403019,Geometría para el Diseño,DI,VII-X,OPT,,Optativas de interés profesional,Área de concentración: DI,
1403021,Investigación y Diseño,DI,VII-X,OPT,,Optativas de interés profesional,Área de concentración: DI,
1432020,Identificación y Selección de Nuevos Materiales,DI,VII-X,OPT,,Optativas de interés profesional,Área de concentración: DI,
1432021,Diseño Digital para la Producción,DI,VII-X,OPT,,Optativas de interés profesional,Área de concentración: DI,
1432022,Diseño de Herramental para la Producción,DI,VII-X,OPT,,Optativas de interés profesional,Área de concentración: DI,
1403013,Diseño del Envase y Embalaje,DI,VII-X,OPT,,Optativas de interés profesional,Área de concentración: DI,
1403029,Redacción y Documentación Científica,DI,VII-X,OPT,,Optativas de interés profesional,Área de concentración: DI,
1431049,Ergonomía Laboral,DI,VII-X,OPT,,Optativas de interés profesional,Área de concentración: DI,
1435014,Tendencias en el Diseño y Desarrollo de Accesorios Ornamentales Corporales,DI,VII-X,OPT,,Optativas de interés profesional,Área de concentración: DI,
1435015,Accesibilidad y Habitabilidad del Espacio,DI,VII-X,OPT,,Optativas de interés profesional,Área de concentración: DI,
1401020,Aplicación de Sistemas de Unión por Soldadura en Estructuras Metálicas,DI,VII-X,OPT,,Optativas de Extensión Divisional,Optativas Disciplinares,
1401029,Aplicación de los Plásticos en Arquitectura,DI,VII-X,OPT,,Optativas de Extensión Divisional,Optativas Disciplinares,
1401056,Desarrollo Sustentable y Diseño,DI,VII-X,OPT,,Optativas de Extensión Divisional,Optativas Disciplinares,
1424052,Punto de Venta y Stand,DI,VII-X,OPT,,Optativas de Extensión Divisional,Optativas Disciplinares,
1424032,Serigrafía,DI,VII-X,OPT,,Optativas de Extensión Divisional,Optativas Disciplinares,
1424054,Escenografía,DI,VII-X,OPT,,Optativas de Extensión Divisional,Optativas Disciplinares,
1432015,Diseño de Interfaz,DI,VII-X,OPT,,Optativas de Extensión Divisional,Optativas Disciplinares,
1424049,Diseño de la Marca,DI,VII-X,OPT,,Optativas de Extensión Divisional,Optativas Disciplinares,
1424024,Aerografía,DI,VII-X,OPT,,Optativas de Extensión Divisional,Optativas Disciplinares,
1435013,Ciclo de Vida en los Materiales,DI,VII-X,OPT,,Optativas de Extensión Divisional,Optativas Disciplinares,
1425022,Marketing y Publicidad Digital,DI,VII-X,OPT,,Optativas de Extensión Divisional,Optativas Disciplinares,
1425026,Color para Arquitectos y Diseñadores Industriales,DI,VII-X,OPT,,Optativas de Extensión Divisional,Optativas Disciplinares,
1425025,Infografía para Arquitectos y Diseñadores Industriales,DI,VII-X,OPT,,Optativas de Extensión Divisional,Optativas Disciplinares,
1401050,Fotografía Básica para Arquitectura,DI,VII-X,OPT,,Optativas de Extensión Divisional,Optativas Disciplinares,
1404004,Diálogos con la Música,DI,VII-X,OPT,,Optativas de Extensión Divisional,Optativas de Formación Integral,
1404006,Escultura,DI,VII-X,OPT,,Optativas de Extensión Divisional,Optativas de Formación Integral,
1404007,Estética y Diseño,DI,VII-X,OPT,,Optativas de Extensión Divisional,Optativas de Formación Integral,
1432018,Filosofía del Diseño,DI,VII-X,OPT,,Optativas de Extensión Divisional,Optativas de Formación Integral,
1404009,"Literatura, Cine y Diseño",DI,VII-X,OPT,,Optativas de Extensión Divisional,Optativas de Formación Integral,
1404010,Oralidad y Escritura para Diseñadores,DI,VII-X,OPT,,Optativas de Extensión Divisional,Optativas de Formación Integral,
1425024,Diseño y Estudios de Género,DI,VII-X,OPT,,Optativas de Extensión Divisional,Optativas de Formación Integral,
1425023,Fortalezas para el Emprendedor,DI,VII-X,OPT,,Optativas de Extensión Divisional,Optativas de Formación Integral,
1415035,Diseñar para el Desarrollo Sostenible,DI,VII-X,OPT,,Optativas de Extensión Divisional,Optativas de Formación Integral,
1435016,Creatividad para Arquitectos y Diseñadores,DI,VII-X,OPT,,Optativas de Extensión Divisional,Optativas de Formación Integral,
1401018,Historia del Arte,DI,VII-X,OPT,,Optativas de Extensión Divisional,Optativas de Formación Integral,
1401011,Prácticas Profesionales I,DI,VII-XII,OPT,,Optativas de Extensión Universitaria,Optativas de Práctica Profesional,
1401012,Prácticas Profesionales II,DI,VII-XII,OPT,,Optativas de Extensión Universitaria,Optativas de Práctica Profesional,
1402048,Movilidad  I,DI,VII-XII,OPT,,Optativas de Extensión Universitaria,Optativas de Movilidad,
1402049,Movilidad  II,DI,VII-XII,OPT,,Optativas de Extensión Universitaria,Optativas de Movilidad,
1435017,Movilidad  III,DI,VII-XII,OPT,,Optativas de Extensión Universitaria,Optativas de Movilidad,
1435018,Movilidad  IV,DI,VII-XII,OPT,,Optativas de Extensión Universitaria,Optativas de Movilidad,
1400027,FUNDAMENTOS TEÓRICOS DEL DISEÑO I,DiPS,1,OBL,,Licenciatura,Licenciatura,
1400028,CULTURA Y DISEÑO I,DiPS,1,OBL,,Licenciatura,Licenciatura,
1404001,LENGUAJE BÁSICO,DiPS,1,OBL,,Licenciatura,Licenciatura,
1400044,ELEMENTOS DE MATEMÁTICAS PARA EL DISEÑO,DiPS,1,OBL,,Licenciatura,Licenciatura,
1400045,TALLER DE REPRESENTACIÓN Y EXPRESIÓN DIGITAL BIDIMENSIONAL,DiPS,1,OBL,,Licenciatura,Licenciatura,
1400029,FUNDAMENTOS TEÓRICOS DEL DISEÑO II,DiPS,2,OBL,,Licenciatura,Licenciatura,
1400046,PRINCIPIOS DE SUSTENTABILIDAD,DiPS,2,OBL,,Licenciatura,Licenciatura,
1404002,SISTEMAS DE DISEÑO,DiPS,2,OBL,,Licenciatura,Licenciatura,
1400048,ESTADÍSTICA PARA DISEÑO SUSTENTABLE,DiPS,2,OBL,,Licenciatura,Licenciatura,
1400049,TALLER DE REPRESENTACIÓN Y EXPRESIÓN DIGITAL TRIDIMENSIONAL,DiPS,2,OBL,,Licenciatura,Licenciatura,
1440001,TEORÍA DEL DISEÑO,DiPS,3,OBL,,Licenciatura,Licenciatura,
1440002,LEGISLACIÓN Y DISEÑO AMBIENTAL,DiPS,3,OBL,,Licenciatura,Licenciatura,
1440003,TALLER DE DISEÑO PARA LA SUSTENTABILIDAD I,DiPS,3,OBL,,Licenciatura,Licenciatura,
1440004,INTRODUCCIÓN A LA GESTIÓN DEL PROYECTO SUSTENTABLE,DiPS,3,OBL,,Licenciatura,Licenciatura,
1440005,ANÁLISIS DE CICLO DE VIDA,DiPS,3,OBL,,Licenciatura,Licenciatura,
1440006,PENSAMIENTO VISUAL,DiPS,3,OBL,,Licenciatura,Licenciatura,
1440007,INTRODUCCIÓN AL DESARROLLO SUSTENTABLE,DiPS,4,OBL,,Licenciatura,Licenciatura,
1440008,DERECHOS HUMANOS,DiPS,4,OBL,,Licenciatura,Licenciatura,
1440009,TALLER DE DISEÑO PARA LA SUSTENTABILIDAD II,DiPS,4,OBL,,Licenciatura,Licenciatura,
1440010,INTRODUCCIÓN A LA ECONOMÍA AMBIENTAL Y ECOLÓGICA,DiPS,4,OBL,,Licenciatura,Licenciatura,
1440011,TÉCNICAS DE RECOPILACIÓN DE DATOS CUALITATIVOS,DiPS,4,OBL,,Licenciatura,Licenciatura,
1440012,PENSAMIENTO VISUAL II,DiPS,4,OBL,,Licenciatura,Licenciatura,
1440013,DISEÑO PARA LA SUSTENTABILIDAD,DiPS,5,OBL,,Licenciatura,Licenciatura,
1440014,GÉNERO Y CULTURA,DiPS,5,OBL,,Licenciatura,Licenciatura,
1440015,TALLER DE DISEÑO PARA LA SUSTENTABILIDAD II,DiPS,5,OBL,,Licenciatura,Licenciatura,
1440016,SEMINARIO DE ORGANIZACIONES SOCIALES,DiPS,5,OBL,,Licenciatura,Licenciatura,
1440017,TÉCNICAS DE RECOPILACIÓN DE DATOS CUANTITATIVOS,DiPS,5,OBL,,Licenciatura,Licenciatura,
1440018,NARRATIVA ORIENTADA A COMUNICACIÓN DE PROYECTOS,DiPS,5,OBL,,Licenciatura,Licenciatura,
1440019,DISEÑO COMO FORMA DE PENSAMIENTO,DiPS,6,OBL,,Licenciatura,Licenciatura,
1440020,GESTIÓN SOCIAL Y PARTICIPACIÓN CIUDADANA,DiPS,6,OBL,,Licenciatura,Licenciatura,
1440021,PROYECTO SUSTENTABLE I,DiPS,6,OBL,,Licenciatura,Licenciatura,
1440022,MOVIMIENTOS SOCIALES,DiPS,6,OBL,,Licenciatura,Licenciatura,
1440023,ANÁLISIS Y EVALUACIÓN DE INFORMACIÓN,DiPS,6,OBL,,Licenciatura,Licenciatura,
1440024,VISUALIZACIÓN PARA EL DISEÑO,DiPS,6,OBL,,Licenciatura,Licenciatura,
1440025,TEMAS SELECTOS I,DiPS,7,OBL,,Licenciatura,Licenciatura,
1440026,CONFLICTOS AMBIENTALES Y SUSTENTABILIDAD EN LAS CIUDADES,DiPS,7,OBL,,Licenciatura,Licenciatura,
1440027,PROYECTO SUSTENTABLE II,DiPS,7,OBL,,Licenciatura,Licenciatura,
1440028,TEORÍAS DEL CONFLICTO Y EL CONSENSO,DiPS,7,OBL,,Licenciatura,Licenciatura,
1440029,SISTEMAS DE INFORMACIÓN GEOGRÁFICA,DiPS,7,OBL,,Licenciatura,Licenciatura,
1440030,TEMAS SELECTOS II,DiPS,8,OBL,,Licenciatura,Licenciatura,
1440031,ACCIÓN GUBERNAMENTAL Y PARTICIPACIÓN,DiPS,8,OBL,,Licenciatura,Licenciatura,
1440032,PROYECTO SUSTENTABLE III,DiPS,8,OBL,,Licenciatura,Licenciatura,
1440033,CONFLICTOS TERRITORIALES Y NEGOCIACIÓN,DiPS,8,OBL,,Licenciatura,Licenciatura,
1440034,ECONOMÍA ESPACIAL,DiPS,8,OBL,,Licenciatura,Licenciatura,
1440035,TEMAS SELECTOS III,DiPS,9,OBL,,Licenciatura,Licenciatura,
1440036,ESTADO Y POLÍTICAS PÚBLICAS,DiPS,9,OBL,,Licenciatura,Licenciatura,
1440037,PROYECTO SUSTENTABLE IV,DiPS,9,OBL,,Licenciatura,Licenciatura,
1440038,SEMINARIO DE GESTIÓN PÚBLICA,DiPS,9,OBL,,Licenciatura,Licenciatura,
1440039,SEMINARIO DE PROYECTO INTEGRAL,DiPS,10,OBL,,Licenciatura,Licenciatura,
1440040,PLANEACIÓN ESTRATÉGICA,DiPS,10,OBL,,Licenciatura,Licenciatura,
1440041,PROYECTO INTEGRAL I,DiPS,11,OBL,,Licenciatura,Licenciatura,
1440042,EVALUACIÓN DE PROYECTOS,DiPS,11,OBL,,Licenciatura,Licenciatura,
1440043,PROYECTO INTEGRAL II,DiPS,12,OBL,,Licenciatura,Licenciatura,
1441001,TEMAS SELECTOS DISCIPLINARES I,DiPS,VII-XII,OPT,,Optativas de Extensión Divisional,Optativas Disciplinares,
1441002,TEMAS SELECTOS DISCIPLINARES II,DiPS,VII-XII,OPT,,Optativas de Extensión Divisional,Optativas Disciplinares,
1441003,TEMAS SELECTOS DISCIPLINARES III,DiPS,VII-XII,OPT,,Optativas de Extensión Divisional,Optativas Disciplinares,
1441004,TEMAS SELECTOS DISCIPLINARES IV,DiPS,VII-XII,OPT,,Optativas de Extensión Divisional,Optativas Disciplinares,
1441005,TEMAS SELECTOS DISCIPLINARES V,DiPS,VII-XII,OPT,,Optativas de Extensión Divisional,Optativas Disciplinares,
1441006,TEMAS SELECTOS DISCIPLINARES VI,DiPS,VII-XII,OPT,,Optativas de Extensión Divisional,Optativas Disciplinares,
1441007,TEMAS SELECTOS INTERDISCIPLINARES I,DiPS,X-XII,OPT,,Optativas de Extensión Divisional,Optativas Interdisciplinares,
1441008,TEMAS SELECTOS INTERDISCIPLINARES II,DiPS,X-XII,OPT,,Optativas de Extensión Divisional,Optativas Interdisciplinares,
1441009,TEMAS SELECTOS INTERDISCIPLINARES III,DiPS,X-XII,OPT,,Optativas de Extensión Divisional,Optativas Interdisciplinares,
1441010,TEMAS SELECTOS INTERDISCIPLINARES IV,DiPS,X-XII,OPT,,Optativas de Extensión Divisional,Optativas Interdisciplinares,
1441011,TEMAS SELECTOS INTERDISCIPLINARES V,DiPS,X-XII,OPT,,Optativas de Extensión Divisional,Optativas Interdisciplinares,
1441012,TEMAS SELECTOS INTERDISCIPLINARES VI,DiPS,X-XII,OPT,,Optativas de Extensión Divisional,Optativas Interdisciplinares,
1441013,TEMAS SELECTOS INTERDISCIPLINARES VII,DiPS,X-XII,OPT,,Optativas de Extensión Divisional,Optativas Interdisciplinares,
1441014,TEMAS SELECTOS INTERDISCIPLINARES VIII,DiPS,X-XII,OPT,,Optativas de Extensión Divisional,Optativas Interdisciplinares,
1441015,TEMAS SELECTOS INTERDISCIPLINARES IX,DiPS,X-XII,OPT,,Optativas de Extensión Divisional,Optativas Interdisciplinares,
1441016,TEMAS SELECTOS INTERDISCIPLINARES X,DiPS,X-XII,OPT,,Optativas de Extensión Divisional,Optativas Interdisciplinares,
1441017,TEMAS SELECTOS INTERDISCIPLINARES XI,DiPS,X-XII,OPT,,Optativas de Extensión Divisional,Optativas Interdisciplinares,
1441018,TEMAS SELECTOS INTERDISCIPLINARES XII,DiPS,X-XII,OPT,,Optativas de Extensión Divisional,Optativas Interdisciplinares,
1441024,PRÁCTICA PROFESIONAL I,DiPS,X-XII,OPT,,Optativas de Extensión Universitaria,Optativas de Práctica Profesional,
1441025,PRÁCTICA PROFESIONAL II,DiPS,X-XII,OPT,,Optativas de Extensión Universitaria,Optativas de Práctica Profesional,
1441026,PRÁCTICA PROFESIONAL III,DiPS,X-XII,OPT,,Optativas de Extensión Universitaria,Optativas de Práctica Profesional,
1441019,Movilidad  I,DiPS,VII-IX,OPT,,Optativas de Extensión Universitaria,Optativas de Movilidad,
1441020,Movilidad  II,DiPS,VII-IX,OPT,,Optativas de Extensión Universitaria,Optativas de Movilidad,
1441021,Movilidad  III,DiPS,VII-IX,OPT,,Optativas de Extensión Universitaria,Optativas de Movilidad,
1441022,Movilidad  IV,DiPS,VII-IX,OPT,,Optativas de Extensión Universitaria,Optativas de Movilidad,
1441023,Movilidad  V,DiPS,VII-IX,OPT,,Optativas de Extensión Universitaria,Optativas de Movilidad,
